<?xml version="1.0"?>
<doc>
    <assembly>
        <name>HostsDownloaderWindows</name>
    </assembly>
    <members>
        <member name="M:HostsDownloaderWindows.HostsFileRetriever.GetWebHostsFile">
            <summary>
            Gets the someonewhocares ipV6 hosts file.
            </summary>
            <returns>A string containing the hosts file</returns>
        </member>
        <member name="M:HostsDownloaderWindows.HostsFileRetriever.IsWebHostsFileAccessible">
            <summary>
            Determines whether [is web hosts file accessible.
            </summary>
            <returns>
              <c>true</c> if [is web hosts file accessible]; otherwise, <c>false</c>.
            </returns>
        </member>
        <member name="M:HostsDownloaderWindows.HostsFileRetriever.GetLocalHostsFile">
            <summary>
            Gets the local hosts file for the current operating system.
            </summary>
            <returns></returns>
        </member>
        <member name="M:HostsDownloaderWindows.HostsFileRetriever.GetHostsFilePath">
            <summary>
            Gets the hosts file path.
            </summary>
            <returns></returns>
        </member>
    </members>
</doc>
